Filename,Description,Keywords,Categories,Editorial,Mature content,Illustration
DJI_20261004110428_0526_D.JPG,"A sunny day in Fayeteville, AR, showcases a grassy field with scattered trees and buildings in the distance under a bright blue sky with wispy clouds.","Fayeteville, AR, industrial development, road, vegetation, clear sky, modern architecture",industrial,n,n,n
DJI_20261004110431_0527_D.JPG,"A high-angle view of a rural landscape in Fayeteville, AR, featuring green fields, roads, and buildings under a bright blue sky with scattered clouds.","Road, construction, trees, buildings, sky, grassy field, industrial development",industrial,n,n,n
DJI_20261004110434_0528_D.JPG,"A bustling construction site in Fayeteville, AR, unfolds amidst lush greenery under a bright blue sky. Construction materials and equipment are scattered across the site. A brick building under construction is prominent, nestled amidst trees.","construction, road, building, hill, trees, sky, landscape",industrial,n,n,n
DJI_20261004110439_0529_D.JPG,"An aerial view of Fayeteville, AR, showcases a grassy field with industrial activity in the distance under a bright blue sky.","Industrial, field, trees, containers, road, sky, clouds",industrial,n,n,n
DJI_20261004110443_0530_D.JPG,"A two-lane road winds through a green landscape in Fayeteville, AR. A line of trees borders the road, and a clear blue sky with scattered clouds is visible overhead.","Road, trees, sky, grassy field, vehicles, clear day",industrial,n,n,n
DJI_20261004110446_0531_D.JPG,"An aerial view of a straight road in Fayeteville, AR, flanked by grassy areas and trees under a clear blue sky.","Road, field, trees, sky, grass, poles, vehicles",industrial,n,n,n
DJI_20261004110451_0532_D.JPG,"An aerial view shows an expansive, grassy area in Fayeteville, AR, featuring a paved road flanked by grassy sections and trees under a clear blue sky.","Road, field, trees, sky, grassy areas, vehicles, utility poles",industrial,n,n,n
DJI_20261004110454_0533_D.JPG,"An aerial view of a vacant lot in Fayeteville, AR, under a clear blue sky. The overgrown field is bordered by trees and a sidewalk, with a small building visible in the distance.","Field, trees, grass, sidewalk, road, building, sky",industrial,n,n,n
DJI_20261004110504_0534_D.JPG,"An aerial view shows Fayeteville, AR, under a clear blue sky. The landscape features a mix of green fields and mature trees, with residential homes visible in the distance.","Fayeteville, AR, rural landscape, field, trees, houses, clear sky",industrial,n,n,n
DJI_20261004110507_0535_D.JPG,"An aerial view shows an expansive, dry field in Fayeteville, AR. Patches of green vegetation are interspersed throughout the brown landscape under a clear blue sky. Houses and trees are visible in the distance.","Field, trees, houses, dry grass, aerial view",industrial,n,n,n
DJI_20261004110513_0536_D.JPG,"An aerial view reveals a dry, grassy landscape in Fayeteville, AR. A narrow dirt path winds through the terrain, flanked by patches of green vegetation.","Fayeteville, AR, dry grass, dirt road, vegetation, patchy terrain, aerial view",nature,n,n,n
DJI_20261004110534_0537_D.JPG,"An aerial view shows an unpaved road leading through a dry, grassy landscape in Fayeteville, AR.","aerial, field, road, vegetation, construction, safety, landscape, pattern",industrial,n,n,n
DJI_20261004110539_0538_D.JPG,"An aerial view shows a road intersection in Fayeteville, AR. A pedestrian crossing is visible, and dry, sparse vegetation covers the surrounding area.","Fayeteville, AR, aerial view, road, field, pedestrian crossing, construction, barriers, grass, dirt, trees",industrial,n,n,n
DJI_20261004110550_0539_D.JPG,"An aerial view of Fayetteville, AR showcases a modern industrial development with interspersed green spaces, roads, and buildings under a clear blue sky.","Aerial view, road intersection, industrial development, commercial buildings, parking lot, greenery, clear sky",industrial,n,n,n
DJI_20261004110551_0540_D.JPG,"An aerial view of Fayeteville, AR, showcases a mostly undeveloped area with patches of grass, roads, and a parking lot. Buildings, including apartment complexes and a large white structure, are visible in the distance under a clear blue sky.","Aerial view, construction site, industrial development, commercial buildings, infrastructure, infrastructure, green spaces, roads, intersections, parking lots, retail spaces",industrial,n,n,n
DJI_20261004110554_0541_D.JPG,"An aerial view of Fayeteville, AR, showcases a mostly undeveloped lot with patches of grass and bare earth, adjacent to a multi-lane road and a parking lot. A large building is under construction in the background, with other structures visible in the distance.","Aerial view, commercial development, empty lot, road, parking lot, buildings, landscaping, water feature, industrial sprawl",industrial,n,n,n
DJI_20261004110557_0542_D.JPG,"An aerial view shows Fayeteville, AR, featuring a modern hotel complex amidst undeveloped land. A road leads to the hotel, and a small body of water is visible nearby. The scene is bathed in bright sunlight under a clear blue sky.","Hotel construction, road, parking lot, landscaping, trees, sky",industrial,n,n,n
DJI_20261004110600_0543_D.JPG,"An aerial view shows Fayeteville, AR, featuring a modern hotel complex amidst undeveloped land. A road leads to the hotel, which is surrounded by greenery under a clear blue sky.","Hotel construction, road, landscaping, industrial development, rural landscape, industrial area",industrial,n,n,n
DJI_20261004110603_0544_D.JPG,"An aerial view of Fayeteville, AR, showcases a sprawling undeveloped lot with patches of grass and bare earth, contrasted by modern buildings and parking lots in the distance under a clear blue sky.","Fayeteville, AR, commercial, development, industrial, empty lot, parking, road, trees, buildings, sky",industrial,n,n,n
DJI_20261004110609_0545_D.JPG,"An aerial view of a construction site in Fayeteville, AR, featuring a large wooden building under construction amidst scattered materials and equipment. Trees and hills form the backdrop under a partly cloudy sky.","construction site, building under construction, lumber, equipment, dirt roads, grassy field, forested hillside, clear blue sky",industrial,n,n,n
DJI_20261004110613_0546_D.JPG,"An aerial view of a construction site in Fayeteville, AR, featuring various equipment, materials, and workers amidst a backdrop of lush greenery and a curving road.","Construction site, aerial view, road, equipment, buildings, trees, hills",industrial,n,n,n
DJI_20261004110616_0547_D.JPG,"An aerial view of Fayetteville, AR showcases a winding road amidst green spaces and industrial development under a clear blue sky.","Construction, road, landscape, industrial, development, infrastructure, infrastructure, industrial, industrial, industrial",industrial,n,n,n
DJI_20261004110620_0548_D.JPG,"An aerial view shows Fayeteville, AR, undergoing development. A curved road leads towards a blue building amidst undeveloped land. Construction equipment is visible, and nearby buildings suggest a mixed-use development. The scene is bathed in bright sunlight under a clear blue sky.","Road, construction, development, landscape, industrial, subindustrial, commercial, aerial view",industrial,n,n,n
DJI_20261004110622_0549_D.JPG,"An aerial view of Fayeteville, AR, showcases a mostly undeveloped lot with patches of grass and dirt, adjacent to a multi-lane road and parking areas. Buildings, including commercial and residential structures, are visible in the background under a clear blue sky.","Aerial view, construction site, empty lot, road, buildings, greenery, industrial development",industrial,n,n,n
DJI_20261004110626_0550_D.JPG,"An aerial view shows an unfinished roadway leading towards a multi-story hotel in Fayeteville, AR. The surrounding area is sparsely vegetated with dry grass and dirt.","Fayeteville, AR, road, construction, development, industrial, commercial, aerial view, highway, parking lot, parking, parking lot, parking, parking lot, parking, parking lot, parking, parking lot, parking lot, parking lot, parking lot, parking lot, parking lot, parking lot, parking lot, parking lot, parking lot, parking lot, parking lot, parking lot, parking lot, parking lot, parking lot, parking lot, parking lot, parking lot, parking lot, parking lot, parking lot, parking lot, parking lot, parking lot, parking lot, parking lot, parking lot, parking lot, parking lot, parking lot, parking lot, parking lot, parking lot, parking lot, parking lot, parking lot, parking lot, parking lot, parking lot, parking lot, parking lot, parking lot, parking lot, parking lot, parking lot, parking lot, parking lot, parking lot, parking lot, parking lot, parking lot, parking lot, parking lot, parking lot, parking lot, parking lot, parking lot, parking lot, parking lot, parking lot, parking lot, parking lot, parking lot, parking lot, parking lot, parking lot, parking lot, parking lot, parking lot, parking lot, parking lot, parking lot, parking lot, parking lot, parking lot, parking lot, parking lot, parking lot, parking lot, parking lot, parking lot, parking lot, parking lot, parking lot, parking lot, parking lot, parking lot, parking lot, parking lot, parking lot, parking lot, parking lot, parking lot, parking lot, parking lot, parking lot, parking lot, parking lot, parking lot, parking lot, parking lot, parking lot, parking lot, parking lot, parking lot, parking lot, parking lot, parking lot, parking lot, parking lot, parking lot, parking lot, parking lot, parking lot, parking lot, parking lot, parking lot, parking lot, parking lot, parking lot, parking lot, parking lot, parking lot, parking lot, parking lot, parking lot, parking lot, parking lot, parking lot, parking lot, parking lot, parking lot, parking lot, parking lot, parking lot, parking lot, parking lot, parking lot, parking lot, parking lot, parking lot, parking lot, parking lot, parking lot, parking lot, parking lot, parking lot, parking lot, parking lot, parking lot, parking lot, parking lot, parking lot, parking lot, parking lot, parking lot, parking lot, parking lot, parking lot, parking lot, parking lot, parking lot, parking lot, parking lot, parking lot, parking lot, parking lot, parking lot, parking lot, parking lot, parking lot, parking lot, parking lot, parking lot, parking lot, parking lot, parking lot, parking lot, parking lot, parking lot, parking lot, parking lot, parking lot, parking lot, parking lot, parking lot, parking lot, parking lot, parking lot, parking lot, parking lot, parking lot, parking lot, parking lot, parking lot, parking lot, parking lot, parking lot, parking lot, parking lot, parking lot, parking lot, parking lot, parking lot, parking lot, parking lot, parking lot, parking lot, parking lot, parking lot, parking lot, parking lot, parking lot, parking lot, parking lot, parking lot, parking lot, parking lot, parking lot, parking lot, parking lot, parking lot, parking lot, parking lot, parking lot, parking lot, parking lot, parking lot, parking lot, parking lot, parking lot, parking lot, parking lot, parking lot, parking lot, parking lot, parking lot, parking lot, parking lot, parking lot, parking lot",industrial,n,n,n
DJI_20261004110630_0551_D.JPG,"An aerial view shows an expansive, dry field in Fayeteville, AR. A multi-lane road runs alongside the field, with some buildings and vegetation visible in the distance under a clear sky.","Aerial view, rural road, undeveloped land, vegetation, clear sky, distant buildings",industrial,n,n,n
DJI_20261004110709_0552_D.JPG,"An aerial view of a rural landscape in Fayeteville, AR, shows a dry, grassy field with patches of green vegetation and a line of trees along the horizon. A small road is visible in the bottom right corner.","Agricultural field, dry grass, trees, road, houses, clear sky",nature,n,n,n
DJI_20261004110712_0553_D.JPG,"An aerial view of a dry, grassy field in Fayeteville, AR, under a clear blue sky. Patches of green vegetation are interspersed throughout the landscape.","Fayeteville, AR, rural, field, dry grass, trees, clear sky",nature,n,n,n
DJI_20261004110714_0554_D.JPG,"An aerial view shows Fayeteville, AR, under a clear blue sky. A dry, grassy field stretches towards the horizon, dotted with trees and houses in the distance.","Fayeteville, AR, rural landscape, field, trees, houses, clear sky",nature,n,n,n
DJI_20261004110717_0555_D.JPG,"An aerial view shows Fayeteville, AR, featuring a dry field in the foreground and a dense forest in the background under a clear blue sky. A small structure is visible near the edge of the field.","Fayeteville, AR, rural landscape, field, trees, clear sky, natural scenery",nature,n,n,n
DJI_20261004110720_0556_D.JPG,"An aerial view reveals a lush, forested landscape in Fayeteville, AR. A mix of deciduous and evergreen trees covers the rolling terrain under a bright blue sky with scattered clouds. A grassy field occupies the foreground.","Forest, trees, field, sky, landscape, nature, aerial view",nature,n,n,n
DJI_20261004110722_0557_D.JPG,"An aerial view reveals a lush, forested landscape in Fayeteville, AR. A mix of deciduous and evergreen trees covers rolling hills under a clear blue sky. The scene is bathed in natural daylight, casting soft shadows and highlighting the vibrant greens of the vegetation.","Forest, trees, hills, sky, field, nature, landscape, aerial view",nature,n,n,n
DJI_20261004110723_0558_D.JPG,"An aerial view of Fayeteville, AR, showcases a lush, forested landscape under a bright blue sky with scattered clouds. A grassy field is nestled among the trees, contributing to the serene natural setting.","Trees, field, sky, forest, landscape, nature, aerial view",nature,n,n,n
DJI_20261004110725_0559_D.JPG,"An aerial view showcases a lush, forested landscape in Fayeteville, AR. Sunlight illuminates verdant trees, contrasting with patches of open field. The clear blue sky adds to the serene atmosphere.","Forest, field, trees, hills, sky, nature, landscape, aerial view",nature,n,n,n
DJI_20261004110726_0560_D.JPG,"An aerial view showcases a lush, forested landscape in Fayeteville, AR, featuring rolling hills, vibrant greenery, and a mix of deciduous and evergreen trees under a bright blue sky.","Trees, field, sky, hills, farmhouse, rural landscape, nature, aerial view",nature,n,n,n
DJI_20261004110729_0561_D.JPG,"An aerial view of Fayeteville, AR, showcases a rural landscape with fields, trees, and a wooded hillside under a partly cloudy sky.","Fayeteville, AR, rural landscape, field, trees, hills, sky, nature, agricultural, aerial view",nature,n,n,n
DJI_20261004110733_0562_D.JPG,"An aerial view shows Fayeteville, AR, featuring a rural landscape with a field, trees, and a road. The scene is bathed in soft light under a partly cloudy sky.","Fayeteville, AR, rural, field, trees, road, sky, clouds, nature, landscape, agricultural, countryside",nature,n,n,n
DJI_20261004110738_0563_D.JPG,"An aerial view showcases a rural landscape in Fayeteville, AR, featuring an expansive field bordered by dense green vegetation under a partly cloudy sky.","Farmland landscape, trees, field, hills, greenery, agricultural, rural, aerial view",nature,n,n,n
DJI_20261004110741_0564_D.JPG,"An aerial view shows an expansive, dry field in Fayeteville, AR, surrounded by lush green trees and rolling hills under a partly cloudy sky.","Farm, field, trees, vegetation, landscape, aerial view, nature, rural, agricultural, countryside",nature,n,n,n
DJI_20261004110743_0565_D.JPG,"An aerial view shows an expansive, dry field bordered by lush green trees and rolling hills under a clear sky. Fayeteville, AR, is captured during daytime with soft, diffused light.","Farm, field, trees, wooded area, rural, landscape, aerial view",nature,n,n,n
DJI_20261004110805_0566_D.JPG,"An aerial view shows rolling green hills and fields in Fayeteville, AR, interspersed with mature trees under a partly cloudy sky. A small structure is visible in the mid-ground.","Fayeteville, AR, rural landscape, fields, trees, wooded area",nature,n,n,n
DJI_20261004110812_0567_D.JPG,"An aerial view of Fayetteville, AR, showcases a construction site amidst lush greenery under a partly cloudy sky. A multi-story building under construction is surrounded by various equipment and materials.","Construction site, building under construction, equipment, workers, trees, hills, clear sky",industrial,n,n,n
DJI_20261004110816_0568_D.JPG,"An aerial view of Fayetteville, AR showcases a vibrant new construction site nestled amidst lush greenery under a bright blue sky. Construction equipment and materials are scattered across the landscape, with buildings in various stages of completion.","construction, road, buildings, trees, sky, field, industrial, landscape",industrial,n,n,n
DJI_20261004110819_0569_D.JPG,"An aerial view of Fayeteville, AR showcases a modern, multi-story hotel complex amidst a mix of residential and commercial buildings. Roads and parking areas surround the complex, with green spaces and open areas visible. The clear blue sky and bright sunlight enhance the vibrant atmosphere.","Fayeteville, AR, Aerial view, development, construction, industrial, commercial, mixed-use, residential, landscape, sky, clouds, roads, parking, parking lot, landscaping, vegetation",industrial,n,n,n
DJI_20261004110823_0570_D.JPG,"An aerial view of Fayeteville, AR, showcases a lush green landscape with residential homes, trees, and open fields under a clear blue sky.","Aerial view, residential area, trees, houses, greenery, clear sky",industrial,n,n,n
DJI_20261004110833_0571_D.JPG,"An aerial view shows Fayeteville, AR, partially covered in patchy, dry grass and shrubs under a muted sky.","Dry, grassy field, patches of green, patchy vegetation, aerial view",nature,n,n,n
DJI_20261004110836_0572_D.JPG,"An aerial view of a dry, grassy field in Fayeteville, AR. Patches of green vegetation are interspersed throughout the landscape. A small section of trees and a building are visible in the upper right corner.","Field, dry grass, aerial view, patchy vegetation, natural landscape, rural setting",nature,n,n,n
DJI_20261004110838_0573_D.JPG,"An aerial view shows a dry, grassy field in Fayeteville, AR. Patches of green vegetation are interspersed throughout the landscape.","Dry grass, field, aerial view, landscape, nature, field, vegetation, terrain",nature,n,n,n
DJI_20261004110841_0574_D.JPG,"An aerial view of Fayeteville, AR, shows a construction site adjacent to a large hotel complex, surrounded by undeveloped land.","Aerial view, construction, development, road, parking lot, parking, landscaping, open space, residential, commercial, residential, industrial",industrial,n,n,n
DJI_20261004110854_0575_D.JPG,"An aerial view shows an unfinished roadway and intersection in Fayeteville, AR. The surrounding landscape is sparsely vegetated with dry grass. A small body of water is visible near the roadway.","Aerial view, road, wetlands, construction, development, landscape, nature, rural, agricultural",industrial,n,n,n
DJI_20261004110902_0576_D.JPG,"An aerial view shows a road intersection in Fayeteville, AR. The road curves gently, bordered by grassy areas and shrubs. A small body of water is visible in the background.","aerial, road, intersection, grass, vegetation, concrete, yellow lines, pedestrian crossing",industrial,n,n,n
DJI_20261004110905_0577_D.JPG,"An aerial view of Fayeteville, AR, shows a road curving towards a small body of water surrounded by vegetation and rocks.","aerial, road, intersection, grass, water, rocks, vegetation, concrete, median",industrial,n,n,n
DJI_20261004110918_0578_D.JPG,"An aerial view of Fayeteville, AR, shows a quiet intersection with residential and commercial buildings, trees, and parking lots. Construction is underway near the intersection.","Aerial view, road, parking lot, church, construction, trees, grass, buildings, vehicles",industrial,n,n,n
DJI_20261004110922_0579_D.JPG,"An aerial view of Fayeteville, AR, shows a residential area with houses, commercial buildings, and a construction site.  Cars navigate the streets, and construction materials are visible. The scene is bathed in natural light.","Fayeteville, AR, intersection, road, buildings, trees, vehicles, construction, field",industrial,n,n,n
DJI_20261004110931_0580_D.JPG,"An aerial view of Fayeteville, AR, showcases a dense forest under a clear blue sky. Houses dot the landscape, interspersed with patches of autumnal colors.","Trees, forest, hillside, sky, foliage, nature, landscape, aerial view",industrial,n,n,n
DJI_20261004110934_0581_D.JPG,"An aerial view of Fayeteville, AR, showcases a lush green landscape under a clear blue sky. Houses dot the rolling hills, and power lines crisscross through the trees.","Trees, forest, houses, power lines, hills, sky",industrial,n,n,n
DJI_20261004110937_0582_D.JPG,"An aerial view of Fayeteville, AR, showcases a lush green landscape with scattered houses, trees, and a church in the distance under a clear sky.","Trees, houses, power lines, road, sky, landscape, forest, rural, aerial view",industrial,n,n,n
DJI_20261004110944_0583_D.JPG,"An aerial view of Fayeteville, AR, showcases a lush green landscape under a clear blue sky. Roads and buildings are interspersed with trees, contributing to the town's natural beauty. The image captures a serene, daytime atmosphere.","Fayeteville, AR, aerial view, clear sky, lush green trees, residential area",industrial,n,n,n
DJI_20261004110948_0584_D.JPG,"An aerial view of Fayetteville, AR showcases a mix of residential and commercial development. Roads crisscross the landscape, connecting the town's center to surrounding areas. Construction sites and residential homes are interspersed with green spaces and trees. The clear blue sky adds to the tranquil atmosphere.","Fayeteville, AR, aerial view, road, buildings, trees, construction, development, landscape, greenery, industrial, subindustrial, rural, commercial, residential",industrial,n,n,n
DJI_20261004110958_0585_D.JPG,"An aerial view of Fayeteville, AR, showcases a construction site with a blue building under construction, a parking lot, and a road leading to a large building. A small pond and grassy areas are also visible. The scene is bathed in soft daylight.","Aerial view, construction, development, road, parking lot, landscaped area, pond, industrial, commercial, mixed-use, residential",industrial,n,n,n
DJI_20261004111003_0586_D.JPG,"An aerial view shows a road intersection in Fayeteville, AR, marked by a pedestrian crossing and surrounded by sparse vegetation. A pile of dirt and tire tracks is visible near the intersection.","road, intersection, dirt, grass, debris, pedestrian crossing, construction, aerial view",industrial,n,n,n
DJI_20261004111005_0587_D.JPG,"An aerial view shows a construction site in Fayeteville, AR, featuring tire tracks, dirt piles, and a partially built roadway. The site is bordered by vegetation and concrete barriers.","Fayeteville, AR, construction site, road, pedestrian crossing, dirt, debris, grassy hillside, concrete barriers",industrial,n,n,n
DJI_20261004111008_0588_D.JPG,"An aerial view of a road intersection in Fayeteville, AR, featuring yellow lines dividing lanes and pedestrian crossings. The surrounding landscape is sparsely vegetated with patches of grass and dirt.","Road, intersection, pedestrian crossing, grassy verge, concrete median, gravel, dirt, gravel pile",industrial,n,n,n
DJI_20261004111014_0589_D.JPG,"An aerial view of a winding road in Fayeteville, AR, features two intersecting roads with pedestrian crossings. The surrounding landscape is sparsely vegetated.","Road, intersection, curves, grass, trees, signs, markings, pedestrian crossing",industrial,n,n,n
DJI_20261004111019_0590_D.JPG,"An aerial view of a winding road in Fayeteville, AR, featuring yellow lines and crosswalks. The road curves through a landscape of green and brown vegetation.","Road, intersection, curves, grassy areas, pedestrian crossing, street lights, signs, trees",industrial,n,n,n
DJI_20261004111023_0591_D.JPG,"An aerial view shows Fayeteville, AR, undergoing construction. A curved road and construction site are visible amidst green vegetation.","Road, construction, trees, grass, dirt, vehicles, intersection",industrial,n,n,n
DJI_20261004111030_0592_D.JPG,"An aerial view of a bustling construction site in Fayeteville, AR, featuring an unfinished multi-story building amidst scattered materials and equipment.","construction site, building under construction, dirt, lumber, scaffolding, workers, equipment, trees, fence, road",industrial,n,n,n
DJI_20261004111033_0593_D.JPG,"An aerial view shows ongoing construction at Fayeteville, AR. A multi-story building under construction is surrounded by various construction equipment, materials, and earthworks. Trees and vegetation surround the site under a partly cloudy sky.","Construction site, aerial view, industrial development, progress, progress, progress, construction, buildings, infrastructure, land, trees, vegetation, sky",industrial,n,n,n
DJI_20261004111045_0594_D.JPG,"An aerial view shows ongoing construction at Fayeteville, AR. A multi-story building under construction is surrounded by various materials and equipment.","Construction site, building under construction, earthworks, equipment, landscaping, rural setting",industrial,n,n,n
DJI_20261004111047_0595_D.JPG,"An aerial view shows ongoing construction at Fayeteville, AR. A multi-story building under construction is surrounded by various construction equipment, materials, and earthworks. Trees and vegetation surround the site under a partly cloudy sky.","Construction site, building under construction, earthworks, equipment, landscaping, fence, trees, hills, sky",industrial,n,n,n
DJI_20261004111055_0596_D.JPG,"An aerial view of Fayetteville, AR, showcases ongoing construction projects amidst a lush, forested landscape under a partly cloudy sky. Construction equipment, buildings, and earthworks are visible, highlighting the development's progress.","Construction site, aerial view, industrial development, infrastructure, progress, earthworks, machinery, buildings, trees, roads, hills",industrial,n,n,n
DJI_20261004111101_0597_D.JPG,"An aerial view shows a curving road intersecting at Fayeteville, AR. Construction is underway on the road and surrounding areas.","Road, intersection, curves, grassy areas, concrete, markings, aerial view",industrial,n,n,n
DJI_20261004111109_0598_D.JPG,An aerial view shows a newly paved road curving through a landscape of sparse vegetation and patches of grass. A small body of water is visible in the distance. The photo is taken during daytime under clear skies.,"Aerial view, road, construction, development, landscape, road markings, vegetation, terrain, infrastructure",industrial,n,n,n
DJI_20261004111112_0599_D.JPG,An aerial view shows a newly paved road curving through a landscape of sparse vegetation and patches of bare earth. A small body of water is visible in the distance. The photo is taken during daytime under clear skies.,"Aerial view, road, construction, development, landscape, infrastructure, progress, progress, progress",industrial,n,n,n
DJI_20261004111115_0600_D.JPG,"An aerial view shows an unfinished roadway cutting through Fayeteville, AR.  The road is bordered by grassy areas and leads towards a construction site and buildings in the distance.","Aerial view, road, construction, development, industrial, landscape, infrastructure, infrastructure, industrial, industrial, industrial, industrial, industrial, industrial, industrial, industrial, industrial, industrial, industrial, industrial, industrial, industrial, industrial, industrial, industrial, industrial, industrial, industrial, industrial, industrial, industrial, industrial, industrial, industrial, industrial, industrial, industrial, industrial, industrial, industrial, industrial, industrial, industrial, industrial, industrial, industrial, industrial, industrial, industrial, industrial, industrial, industrial, industrial, industrial, industrial, industrial, industrial, industrial, industrial, industrial, industrial, industrial, industrial, industrial, industrial, industrial, industrial, industrial, industrial, industrial, industrial, industrial, industrial, industrial, industrial, industrial, industrial, industrial, industrial, industrial, industrial, industrial, industrial, industrial, industrial, industrial, industrial, industrial, industrial, industrial, industrial, industrial, industrial, industrial, industrial, industrial, industrial, industrial, industrial, industrial, industrial, industrial, industrial, industrial, industrial, industrial, industrial, industrial, industrial, industrial, industrial, industrial, industrial, industrial, industrial, industrial, industrial, industrial, industrial, industrial, industrial, industrial, industrial, industrial, industrial, industrial, industrial, industrial, industrial, industrial, industrial, industrial, industrial, industrial, industrial, industrial, industrial, industrial, industrial, industrial, industrial, industrial, industrial, industrial, industrial, industrial, industrial, industrial, industrial, industrial, industrial, industrial, industrial, industrial, industrial, industrial, industrial, industrial, industrial, industrial, industrial, industrial, industrial, industrial, industrial, industrial, industrial, industrial, industrial, industrial, industrial, industrial, industrial, industrial, industrial, industrial, industrial, industrial, industrial, industrial, industrial, industrial, industrial, industrial, industrial, industrial, industrial, industrial, industrial, industrial, industrial, industrial, industrial, industrial, industrial, industrial, industrial, industrial, industrial, industrial, industrial, industrial, industrial, industrial, industrial, industrial, industrial, industrial, industrial, industrial, industrial, industrial, industrial, industrial, industrial, industrial, industrial, industrial, industrial, industrial, industrial, industrial, industrial, industrial, industrial, industrial, industrial, industrial, industrial, industrial, industrial, industrial, industrial, industrial, industrial, industrial, industrial, industrial, industrial, industrial, industrial, industrial, industrial, industrial, industrial, industrial, industrial, industrial, industrial, industrial, industrial, industrial, industrial, industrial, industrial, industrial, industrial, industrial, industrial, industrial, industrial, industrial, industrial, industrial, industrial, industrial, industrial, industrial, industrial, industrial, industrial, industrial, industrial, industrial, industrial, industrial, industrial, industrial, industrial, industrial, industrial, industrial, industrial, industrial, industrial, industrial, industrial, industrial, industrial, industrial, industrial, industrial, industrial, industrial, industrial, industrial, industrial, industrial, industrial, industrial, industrial, industrial, industrial, industrial, industrial, industrial, industrial, industrial, industrial, industrial, industrial, industrial, industrial, industrial, industrial, industrial, industrial, industrial, industrial, industrial, industrial, industrial, industrial, industrial, industrial, industrial, industrial, industrial, industrial, industrial, industrial, industrial, industrial, industrial, industrial, industrial, industrial, industrial, industrial, industrial, industrial, industrial, industrial, industrial, industrial, industrial, industrial, industrial, industrial, industrial, industrial, industrial, industrial, industrial, industrial, industrial, industrial, industrial, industrial, industrial, industrial, industrial, industrial, industrial, industrial, industrial, industrial, industrial, industrial, industrial, industrial, industrial, industrial, industrial, industrial, industrial, industrial, industrial, industrial, industrial, industrial, industrial, industrial,",industrial,n,n,n
DJI_20261004111118_0601_D.JPG,"An aerial view shows a large, dry field in Fayeteville, AR, surrounded by residential areas and trees under a clear sky.","Aerial view, rural, grassy field, residential area",industrial,n,n,n
DJI_20261004111120_0602_D.JPG,"An aerial view shows an expansive, dry field in Fayeteville, AR, bordered by a dense forest. A small patch of brown vegetation is visible in the middle of the field.","Field, trees, houses, aerial view, nature, landscape, rural, agricultural",nature,n,n,n
DJI_20261004111122_0603_D.JPG,"An aerial view shows a field with patches of dry grass and sparse vegetation, bordered by trees under a clear sky.  The composition features natural elements.","Field, dry grass, patches of green, trees, aerial view",nature,n,n,n
DJI_20261004111127_0604_D.JPG,"An aerial view shows an overgrown, dry field in Fayeteville, AR. A small pink object is visible in the upper left. A road runs through the right side of the image.","Aerial view, field, vegetation, road, vegetation, dirt, patchy, dry",industrial,n,n,n
DJI_20261004111157_0605_D.JPG,"An aerial view shows a dirt road cutting through a landscape of sparse vegetation and patches of greenery. Fayeteville, AR, is captured during daytime under clear skies.","Aerial, rural, dirt road, vegetation, dry grass, scattered trees, patches of green, brown, gray",nature,n,n,n
DJI_20261004111210_0606_D.JPG,"An aerial view shows a damaged asphalt road cutting through a landscape of sparse vegetation and dry earth in Fayeteville, AR. The road appears partially collapsed, revealing the underlying terrain.","Aerial view, road, vegetation, dirt, vegetation, dry grass, scattered trees, dirt patches, natural landscape",nature,n,n,n
DJI_20261004111217_0607_D.JPG,"An aerial view shows a dirt road cutting through a landscape of sparse vegetation and patches of greenery. Fayeteville, AR, is captured during daytime under clear skies.","Aerial view, road, vegetation, dirt, sparse, natural, landscape, vegetation, dirt, sparse, natural",nature,n,n,n
DJI_20261004111232_0608_D.JPG,"An aerial view of a quiet intersection in Fayeteville, AR, featuring two crosswalks, sidewalk curbs, and grassy areas.","Aerial view, intersection, pedestrian crossing, crosswalk, road, sidewalk, grassy areas, trees, benches, streetlights, markings, markings, markings",industrial,n,n,n
DJI_20261004111236_0609_D.JPG,"An aerial view of a quiet intersection in Fayeteville, AR, featuring two crosswalks, orange construction barriers, and workers in uniform.","Aerial view, intersection, pedestrian crossing, road construction, safety barriers, workers, grassy areas, concrete walkways",industrial,n,n,n
DJI_20261004111242_0610_D.JPG,"An aerial view of a quiet intersection in Fayeteville, AR, featuring two crosswalks, sidewalk curving gently, and grassy areas. The image is bathed in soft daylight, highlighting the industrial landscape.","Aerial view, intersection, pedestrian crossing, road markings, traffic control, industrial landscape, grassy areas",industrial,n,n,n
DJI_20261004111248_0611_D.JPG,"An aerial view of a gray asphalt road in Fayeteville, AR, shows slight imperfections and subtle markings. A curb borders the road on the right.","Asphalt, road, intersection, gray, smooth, aerial view",industrial,n,n,n
DJI_20261004111250_0612_D.JPG,"A high-angle, close-up shot captures a textured, gray concrete surface in Fayeteville, AR. Patches of dirt and debris are visible, enhancing the weathered appearance.","Grey, textured surface, horizontal lines, neutral color, simple pattern",industrial,n,n,n
DJI_20261004111557_0620_D.JPG,"Under a clear blue sky, a bright orange and white striped traffic barrier stands in the foreground, partially obscuring a field of dry grass and sparse vegetation. Trees form a backdrop in the distance.","Construction, Barricade, Field, Trees, Sky, Dry Grass, Rural, Daytime",industrial,n,n,n
DJI_20261004111600_0621_D.JPG,"Under a clear blue sky, a triptych of orange and white striped construction barriers stands in the foreground, adjacent to a grassy field and trees. The scene suggests ongoing development or roadwork.","Construction, roadblock, caution, barrier, rural, clear sky, landscape, sunny",industrial,n,n,n
DJI_20261004111608_0622_D.JPG,"A bright, sunny day in Fayeteville, Arkansas, showcases a vibrant orange and white striped construction barricade in the foreground, contrasting with a clear blue sky and lush green trees.","construction, roadblock, safety, warning, barrier, clear sky, rural, landscape",industrial,n,n,n
DJI_20261004111611_0623_D.JPG,"A bright, sunny day in Fayeteville, Arkansas, showcases a striking orange and white striped road closure sign against a backdrop of lush greenery and a clear blue sky.","construction, roadblock, warning, caution, barrier, safety, signage, orange, white, metal, metal post, clear blue sky, trees, grassy field",industrial,n,n,n
DJI_20261004111614_0624_D.JPG,"A bright, sunny day in Fayeteville, Arkansas, showcases a clear sky and a road under construction. Orange and white striped construction barriers dominate the foreground, contrasting with the green field and trees in the background.","construction, roadblock, caution, barrier, orange, white, metal, pole, clear sky, trees, grass, road",industrial,n,n,n
DJI_20261004111616_0625_D.JPG,"A road closure in Fayeteville, Arkansas, is evident under a clear blue sky. Orange and white striped barriers, damaged and leaning, stand in the foreground, contrasting with the surrounding greenery.","construction, roadblock, orange, white, metal, striped, barrier, clear sky, rural, landscape",industrial,n,n,n
DJI_20261004111618_0626_D.JPG,"A bright, sunny day in Fayeteville, Arkansas, showcases a road closure marked by three orange and white striped construction barricades against a clear blue sky. The barricades, slightly weathered, stand out against the green landscape and clear blue sky.","traffic, road, barrier, caution, sign, sky, trees, grass",industrial,n,n,n
DJI_20261004111631_0627_D.JPG,"An aerial view of a road under construction in Fayeteville, AR. Orange and white striped barriers are placed on the roadway, indicating ongoing work. The surrounding landscape is sparsely vegetated.","Roadblock, Barriers, Construction, Dry Grass, Curb, Asphalt, Crosswalk, Shadows",industrial,n,n,n
DJI_20261004111711_0628_D.JPG,"An aerial view of a field in Fayeteville, AR, showing a mix of dry grass and patches of green. A small road leads into the field, bordered by trees and houses in the distance under a clear blue sky.","Field, road, trees, grass, dirt, sky, dry, patchy",nature,n,n,n
DJI_20261004111714_0629_D.JPG,"A dry, grassy field stretches towards a line of trees under a clear blue sky.  A few small structures are visible in the distance. The scene evokes a sense of desolation.","Fayeteville, AR, rural landscape, dry grass, trees, clear blue sky",nature,n,n,n
DJI_20261004111717_0630_D.JPG,"A desolate, dry field stretches towards a modern hotel in Fayeteville, AR under a clear blue sky.","Fayeteville, AR, industrial development, commercial, vacant land, natural, grassy, dry, clear sky",industrial,n,n,n
DJI_20261004111722_0631_D.JPG,"A high-angle view of a construction site in Fayeteville, AR. The site features undeveloped land with sparse vegetation, construction equipment, and buildings in the distance under a partly cloudy sky.","Fayeteville, AR, construction site, road, landscaping, buildings, trees, sky",industrial,n,n,n
DJI_20261004111959_0634_D.JPG,"An aerial view of Fayeteville, AR, shows a road intersection surrounded by green spaces under a clear blue sky. Buildings, including residential and commercial structures, are visible in the distance.","Road, intersection, grassy areas, buildings, trees, parking lot, clear sky",industrial,n,n,n
DJI_20261004112019_0635_D.JPG,"A sunny day in Fayeteville, AR, shows a stop sign at Marinoni and Interstate 95, with a parking lot and industrial buildings in the background.","stop, roundabout, traffic, street, grass, trees, buildings, sky",industrial,n,n,n
DJI_20261004112022_0636_D.JPG,"A sunny day in Fayeteville, AR, shows a stop sign at Marinoni Dr intersection, with buildings in the background under a clear blue sky.","Fayeteville, AR, stop sign, street, traffic, buildings, grass, clear sky",industrial,n,n,n
DJI_20261004112024_0637_D.JPG,"An aerial view of a quiet intersection in Fayeteville, AR, featuring a stop sign, pedestrian crosswalk, and green space. The scene is bathed in soft daylight under a clear blue sky.","stop, intersection, road, grass, trees, buildings, sky, signs",industrial,n,n,n
DJI_20261004112028_0638_D.JPG,"An aerial view of a quiet intersection in Fayeteville, AR, featuring lush green grass, concrete pathways, and a stop sign. A green sign indicates the intersection is near a park.","Road, intersection, stop sign, grassy areas, trees, buildings, parking lot",industrial,n,n,n
DJI_20261004112031_0639_D.JPG,"An aerial view of a quiet intersection in Fayeteville, AR, featuring curving roads, grassy areas, and a stop sign.","Road, intersection, grassy areas, trees, stop sign, pedestrian crossing, curving road, parking lot",industrial,n,n,n
DJI_20261004112041_0640_D.JPG,"An aerial view of a quiet intersection in Fayeteville, AR, featuring concrete curbs, grassy areas, and a stop sign. A street sign indicates ""Marion St."" The image captures a tranquil atmosphere.","Street, intersection, stop sign, road markings, grassy areas, sidewalk, curb, trees, grassy field, street signs, overhead view",industrial,n,n,n
DJI_20261004112046_0641_D.JPG,"A curving road in Fayeteville, AR, features grassy shoulders and concrete edges. Construction equipment is visible in the background.","Road, construction, trees, grass, sidewalk, street, utility poles, overhead wires, overhead wires, traffic lights, utility poles",industrial,n,n,n
DJI_20261004112049_0642_D.JPG,"An aerial view of a winding road in Fayeteville, AR. The road curves through lush green vegetation, bordered by concrete shoulders. A pedestrian crossing is visible on the right side. The scene is bathed in soft, diffused light.","Curved road, grassy verge, pedestrian crossing, asphalt, yellow lines, concrete, utility poles, trees",industrial,n,n,n
DJI_20261004112052_0643_D.JPG,"An aerial view of a curving road in Fayeteville, AR, featuring yellow lines and pedestrian crossings. The road is bordered by grassy areas and concrete curbs. A small utility pole is visible on the left.","Road, crosswalk, grass, sidewalk, utility pole, street light, median, grassy area",industrial,n,n,n
DJI_20261004112104_0644_D.JPG,"An aerial view of a paved road in Fayeteville, AR, flanked by grassy areas and concrete walkways. A pedestrian crossing is visible in the distance.","Road, grass, sidewalk, crosswalk, utility pole, utility box, utility pole, utility box",industrial,n,n,n
DJI_20261004112108_0645_D.JPG,"An aerial view of a quiet residential street intersection in Fayeteville, AR, featuring two crosswalks, sidewalks, and grassy areas.","Aerial view, road, crosswalk, sidewalk, grass, trees, streetlights, utility poles",industrial,n,n,n
DJI_20261004112111_0646_D.JPG,"An aerial view of a quiet residential intersection in Fayeteville, AR, featuring two white crosswalks, yellow lane markings, and sidewalks flanking a central roadway.","Aerial view, intersection, pedestrian crossing, sidewalk, grass, street, curb, markings, markings, markings",industrial,n,n,n
DJI_20261004112124_0647_D.JPG,"An aerial view of a quiet intersection in Fayeteville, AR, featuring two parallel concrete sidewalks flanking a central road with crosswalk markings.","Aerial view, road, sidewalk, grass, crosswalk, street, traffic light, trees, buildings",industrial,n,n,n
DJI_20261004112126_0648_D.JPG,"An aerial view of a quiet intersection in Fayeteville, AR, featuring two white crosswalks, yellow tactile paving, and grassy areas flanking a gray asphalt road.","Aerial view, crosswalk, road, sidewalk, grass, trees, streetlights, pedestrian crossing, industrial landscape",industrial,n,n,n
DJI_20261004112139_0649_D.JPG,"An aerial view of a straight road cutting through a green landscape in Fayeteville, AR. The road is flanked by grassy areas and leads towards a wooded hill in the background under a clear blue sky.","Road, field, trees, sky, grassy areas, concrete, asphalt, construction",industrial,n,n,n
DJI_20261004112141_0650_D.JPG,"An aerial view of a rural road in Fayeteville, AR, flanked by grassy fields and trees under a clear blue sky. Construction equipment is visible in the distance.","Road, trees, grassy fields, construction, vehicles, road markings, clear sky",industrial,n,n,n
DJI_20261004112143_0651_D.JPG,"An aerial view of a rural intersection in Fayeteville, AR, featuring lush green grass, trees, and a clear blue sky. A small building is visible on the right, and a red vehicle is parked nearby.","Road, trees, grassy areas, sky, vehicles, signage",industrial,n,n,n
DJI_20261004112146_0652_D.JPG,"An aerial view of a quiet intersection in Fayeteville, AR, surrounded by lush greenery and a wooded hillside under a clear blue sky.","Road, trees, grassy areas, construction, signage",industrial,n,n,n
DJI_20261004112149_0653_D.JPG,"An aerial view of a quiet intersection in Fayeteville, AR, featuring neatly trimmed grass, concrete walkways, and a small water feature.","Road, grassy areas, sidewalk, utility pole, utility box, utility pole, utility box, utility pole",industrial,n,n,n
DJI_20261004112228_0654_D.JPG,"An aerial view of Fayeteville, AR, shows a wide, straight road intersecting at two crosswalks, surrounded by grassy areas and buildings in the distance under a clear blue sky.","Road, intersection, grassy areas, buildings, clear sky, industrial development",industrial,n,n,n
DJI_20261004112232_0655_D.JPG,"An aerial view of Fayeteville, AR, shows a wide, empty road intersecting at two crosswalks, surrounded by green spaces and buildings in the distance under a clear blue sky.","Road, intersection, grassy areas, buildings, clear sky, industrial development",industrial,n,n,n
DJI_20261004112239_0656_D.JPG,"An aerial view of a quiet intersection in Fayeteville, AR, featuring concrete median strips, grassy areas, and clear road markings.","Road, crosswalk, traffic light, grassy median, trees, street lamps, pedestrian crossing, asphalt, concrete",industrial,n,n,n
DJI_20261004112243_0657_D.JPG,"An aerial view of Fayeteville, AR, showcases a wide, empty road intersecting at two crosswalks, surrounded by green spaces and industrial buildings under a clear blue sky.","Road, intersection, grassy areas, buildings, trees, parking lot, pedestrian crossing, clear sky",industrial,n,n,n
DJI_20261004112247_0658_D.JPG,"An aerial view of a quiet intersection in Fayeteville, AR, featuring an overgrown grassy area, a dirt patch, and a pedestrian crossing.","Fayeteville, AR, road, grass, sidewalk, crosswalk, sign, traffic light, field, open space",industrial,n,n,n
DJI_20261004112250_0659_D.JPG,"An aerial view of Fayeteville, AR, shows a grassy area adjacent to a road intersection with pedestrian crossings.","Overgrown, grassy area, road, pedestrian crossing, utility poles, signs, paved roadway",industrial,n,n,n
DJI_20261004112256_0660_D.JPG,"A modern hotel complex in Fayeteville, AR, stands amidst a dry, grassy landscape under a clear blue sky.  The multi-story building features a mix of brick and concrete exteriors. Parking lots and roads are visible in the background.","Hotel construction, industrial development, commercial space, residential neighborhood, clear sky, dry grass",industrial,n,n,n
DJI_20261004112258_0661_D.JPG,"A newly constructed hotel in Fayeteville, AR, stands amidst a dry, grassy landscape under a clear blue sky.  Parking lots and surrounding buildings are visible in the background.","Hotel construction, industrial development, commercial space, residential neighborhood, clear sky, grassy field",industrial,n,n,n
DJI_20261004112302_0662_D.JPG,"An aerial view of Fayeteville, AR, showcases a modern hotel complex under construction, surrounded by undeveloped land and a clear blue sky.","Hotel construction, industrial development, residential neighborhood, clear sky, grassy field, paved road, parking lot, landscaping",industrial,n,n,n
DJI_20261004112304_0663_D.JPG,"An aerial view of Fayeteville, AR, showcases a modern hotel complex amidst a landscape of undeveloped land. Construction is underway, and nearby buildings are visible under a clear blue sky.","Hotel development, industrial landscape, commercial buildings, parking lots, landscaping, roadways, natural scenery",industrial,n,n,n
DJI_20261004112307_0664_D.JPG,"An aerial view of Fayeteville, AR, showcases a modern hotel complex amidst greenery and industrial development. Roads and parking areas surround the buildings, with construction visible in the foreground under a clear blue sky.","Hotel construction, industrial development, commercial area",industrial,n,n,n
DJI_20261004112309_0665_D.JPG,"An aerial view of Fayeteville, AR, showcases a modern hotel complex amidst a bustling highway and surrounding development. A small pond adds a serene touch to the industrial landscape under a clear sky.","Hotel, Fayeteville, AR, Aerial view, modern architecture, industrial landscape, highway, parking lot, landscaping",industrial,n,n,n
DJI_20261004112312_0666_D.JPG,"An aerial view of Fayetteville, AR showcases a modern hotel complex amidst a vibrant industrial landscape. Roads and highways crisscross the area, with lush greenery and residential development beyond. A small body of water is visible in the foreground.","Hotel, Fayeteville, AR, Aerial view, industrial landscape, modern architecture, transportation, development",industrial,n,n,n
DJI_20261004112325_0667_D.JPG,"A partially constructed hotel in Fayeteville, AR, sits amidst undeveloped land under a clear blue sky.  Construction equipment and materials are visible near the building.  The surrounding area is sparsely vegetated.","Fayeteville, AR, construction, industrial, development, commercial, hotel, apartment, residential, landscape, field, vegetation, sky",industrial,n,n,n
DJI_20261004112327_0668_D.JPG,"A partially constructed hotel in Fayeteville, AR, sits amidst dry, brown grass under a clear blue sky.  Construction equipment is visible near the building.  Other buildings are visible in the distance.","Fayeteville, AR, hotel, construction, grass, field, industrial, development, architecture",industrial,n,n,n
DJI_20261004112333_0669_D.JPG,"A ""No Parking Fire Lane"" sign stands near a path leading towards a modern hotel building in Fayeteville, AR. Dry grass and shrubs occupy the foreground under a clear blue sky.","No parking, fire lane, trail, grass, building, sign, field, clear sky",industrial,n,n,n
DJI_20261004112336_0670_D.JPG,"A ""No Parking Fire Lane"" sign stands in the foreground of a vast, dry field in Fayeteville, AR. A modern hotel building is visible in the distance under a clear blue sky.","No parking, fire lane, building, field, grass, path, sign, clear sky",industrial,n,n,n
DJI_20261004112339_0671_D.JPG,"A ""No Parking Fire Lane"" sign stands near a newly constructed hotel in Fayeteville, AR. Dry grass and shrubs occupy the foreground, with a clear sky overhead.","No parking, fire lane, building, field, grass, sidewalk, sign, fence, clear sky",industrial,n,n,n
DJI_20261004113717_0680_D.JPG,"An aerial view shows Fayeteville, AR on a clear, sunny day. A two-lane road curves through a landscape of green fields, trees, and buildings.","Road, buildings, trees, sky, grassy area, vehicles, clear day",industrial,n,n,n
DJI_20261004113726_0681_D.JPG,"An aerial view shows Fayeteville, AR on a clear day. A two-lane road curves through a landscape of green fields, trees, and buildings.","Road, buildings, trees, sky, grassy areas, vehicles",industrial,n,n,n
DJI_20261004113729_0682_D.JPG,"An aerial view shows Fayeteville, AR on a sunny day. A two-lane road curves through a landscape of green fields, trees, and buildings.","Road, buildings, trees, grassy areas, vehicles, clear sky",industrial,n,n,n
DJI_20261004113737_0683_D.JPG,"An aerial view of Fayeteville, AR, shows a grassy area adjacent to roads, buildings, and trees under a clear blue sky.","Fayeteville, AR, industrial, road, trees, buildings, grassy field, sidewalk, parked cars, clear sky",industrial,n,n,n
DJI_20261004113741_0684_D.JPG,"An aerial view shows an expansive, dry field in Fayeteville, AR. A dirt road cuts through the landscape, flanked by patches of green vegetation. A road and buildings are visible in the distance.","Field, road, grass, trees, buildings, vehicles, dirt path",industrial,n,n,n
DJI_20261004113746_0685_D.JPG,"An aerial view shows a dirt road cutting through a landscape of mixed green and dry, patchy grass.","Field, dirt road, dry grass, sparse vegetation, aerial view",nature,n,n,n
DJI_20261004113750_0686_D.JPG,"A dirt path winds through a dry, grassy field in Fayeteville, AR. A figure is visible in the distance, walking along the path. The scene is captured during daytime under clear skies.","Field, dirt road, person, dry grass, vegetation, aerial view",nature,n,n,n
DJI_20261004113758_0687_D.JPG,"A solitary figure stands on a dirt path, flanked by patches of wildflowers, amidst a field of dry grass under a clear sky. The scene evokes a sense of solitude and tranquility.","dirt road, tall grass, solitary figure, rural landscape, dry grass, natural setting, outdoor scene",nature,n,n,n
DJI_20261004113802_0688_D.JPG,"A dirt path winds through a field of dry grass and wildflowers, punctuated by a solitary mailbox. The scene evokes a sense of solitude and rural tranquility.","Field, dirt road, mailbox, dry grass, yellow flowers, rural landscape, archery target",nature,n,n,n
DJI_20261004113805_0689_D.JPG,"An aerial view of a dirt path winding through a dry, grassy field in Fayeteville, AR. A small figure is visible in the distance.","Field, dirt road, dry grass, scattered vegetation, rural landscape, aerial view",nature,n,n,n
DJI_20261004113808_0690_D.JPG,"An aerial view shows a person walking along a dirt path through a landscape of dry grass and low-lying shrubs in Fayeteville, AR. The scene is bathed in soft, diffused light.","rural, dirt road, grassy field, person walking, dry grass, dirt path",nature,n,n,n
DJI_20261004113821_0691_D.JPG,"An aerial view shows a dirt path winding through a dry, grassy landscape in Fayeteville, AR. A small, dark object is visible near the path.","Field, dirt path, dry grass, scattered debris, metal post, aerial view",nature,n,n,n
DJI_20261004113824_0692_D.JPG,"An aerial view of a dirt path cutting through Fayeteville, AR. The path is flanked by patches of green grass and dry, brown vegetation. A small white sign is visible near the bottom right.","dirt road, vegetation, weeds, grass, dirt, signpost, aerial view",nature,n,n,n
DJI_20261004113827_0693_D.JPG,"An aerial view of a dirt road cutting through Fayeteville, AR. The road is flanked by patches of grass and shrubs, interspersed with small yellow wildflowers. A small metal post is visible in the bottom right corner.","dirt road, vegetation, field, nature, aerial view, landscape, rural, countryside",nature,n,n,n
DJI_20261004113833_0694_D.JPG,"An aerial view of a dirt path winding through Fayeteville, AR. Patches of wildflowers dot the path, and dry grass and weeds border the dirt. The image captures a peaceful, natural scene.","dirt road, vegetation, field, nature, aerial view, landscape, rural, countryside",nature,n,n,n
DJI_20261004113835_0695_D.JPG,"An aerial view of a dirt path cutting through Fayeteville, AR. The path is flanked by patches of green grass and dry, brown vegetation. A small object is visible near the path's edge.","dirt road, vegetation, field, grassy areas, natural landscape, aerial view",nature,n,n,n
DJI_20261004113838_0696_D.JPG,"An aerial view shows a dirt road cutting through Fayeteville, AR, flanked by patches of green grass and dry, patchy vegetation under a clear sky.","dirt road, field, vegetation, aerial view, nature, landscape, rural, agricultural",nature,n,n,n
DJI_20261004113845_0697_D.JPG,"An aerial view of Fayeteville, AR, shows a quiet intersection with curving roads, grassy areas, and buildings. A dirt path runs through the middle ground.","Fayeteville, AR, road, intersection, building, field, grass, dirt, trees, cars",industrial,n,n,n
DJI_20261004113849_0698_D.JPG,"An aerial view of Fayetteville, AR showcases a newly developed road curving through a landscape of green spaces and industrial buildings under a clear sky.","Road, intersection, park, buildings, trees, grassy areas, construction site",industrial,n,n,n
DJI_20261004113853_0699_D.JPG,"An aerial view of a small, landscaped pond in Fayeteville, AR, featuring natural stone edges and vegetation. A concrete structure is partially visible nearby.","Pond, vegetation, rocks, concrete structure, road, grassy area, parking lot",industrial,n,n,n
DJI_20261004113858_0700_D.JPG,"An aerial view of a tranquil pond nestled amidst a grassy landscape in Fayeteville, AR. The pond features a rocky embankment and a small water feature. A road runs alongside the pond, and a small concrete structure is visible near the right edge.","Pond, vegetation, rocks, road, grass, concrete, structure, aerial view",nature,n,n,n
DJI_20261004113901_0701_D.JPG,"An aerial view of a tranquil pond nestled amidst a grassy landscape in Fayeteville, AR. The pond is bordered by rocks and features a small, shallow pool. A concrete structure is partially visible to the right.","Pond, vegetation, rocks, road, grass, concrete, structure, aerial view",nature,n,n,n
DJI_20261004113925_0702_D.JPG,"An aerial view shows an expansive, dry field in Fayeteville, AR, stretching towards a forested hillside. A brick building under construction is visible in the distance.","Agricultural field, construction site, trees, building, sky, landscape",industrial,n,n,n
DJI_20261004113927_0703_D.JPG,"An aerial view of Fayeteville, AR, showcases a vast undeveloped lot with sparse vegetation, leading to a brick building under construction amidst a backdrop of lush green trees and rolling hills under a partly cloudy sky.","Fayeteville, AR, construction site, building, road, field, trees, hills, sky",industrial,n,n,n
DJI_20261004113937_0704_D.JPG,"An aerial view of Fayeteville, AR, showcases a rural landscape with open fields, roads, and buildings under a clear blue sky.","Fayeteville, AR, rural road, grassy field, buildings, trees, clear sky",industrial,n,n,n
DJI_20261004113943_0705_D.JPG,"An aerial view shows an expansive, dry field in Fayeteville, AR, bordered by a dense line of green trees under a bright blue sky with scattered clouds. A road cuts through the landscape.","Field, trees, sky, road, hills, agricultural, rural, landscape",nature,n,n,n
DJI_20261004113957_0706_D.JPG,"An aerial view shows an expansive undeveloped lot in Fayeteville, AR, featuring patches of dry grass and sparse vegetation. A two-lane road curves through the lot, leading towards a blue building in the distance.","Fayeteville, AR, road, field, development, industrial, landscape, construction, development, empty, open, natural, rural, subindustrial, industrial, commercial, residential",industrial,n,n,n
DJI_20261004114004_0707_D.JPG,"An aerial view of a newly paved road in Fayeteville, AR, curves through a landscape of green vegetation and bare earth. A pedestrian crossing is visible near the center.","Road, intersection, grassy verge, dirt, trees, utility poles, pedestrian crossing, signage",industrial,n,n,n
DJI_20261004114032_0708_D.JPG,"An aerial view of Fayetteville, AR, showcases a construction site nestled amidst lush greenery. A curved road leads to the site, where various construction vehicles and equipment are present.","construction, road, trees, buildings, landscape, aerial view",industrial,n,n,n
DJI_20261004114043_0709_D.JPG,"An aerial view of a construction site in Fayeteville, AR, featuring ongoing earthworks and equipment.","Construction, road, trees, vegetation, buildings, equipment, site, landscape",industrial,n,n,n
DJI_20261004114047_0710_D.JPG,"A bustling construction site in Fayeteville, AR, unfolds amidst lush greenery. Equipment and materials are strategically placed, amidst a landscape of grassy fields and trees.","construction, road, trees, buildings, grass, sky",industrial,n,n,n
DJI_20261004114054_0711_D.JPG,"A bustling construction site in Fayeteville, AR, features a multi-story building under construction amidst scattered construction equipment and materials. Trees and hills form the backdrop under a partly cloudy sky.","construction site, building under construction, heavy machinery, gravel, landscaping, road, trees, hills",industrial,n,n,n
DJI_20261004114106_0712_D.JPG,"An aerial view of a construction site in Fayeteville, AR, featuring newly built homes and ongoing roadwork.","Construction site, road intersection, building under construction, grassy field, trees, pedestrian crossing, orange traffic cones",industrial,n,n,n
DJI_20261004114110_0713_D.JPG,"An aerial view of a road intersection in Fayeteville, AR, shows construction barriers and pedestrian crossings. The surrounding landscape is mostly green with patches of brown.","Road intersection, construction, barriers, pedestrian crossing, grassy areas, concrete, overhead view",industrial,n,n,n
DJI_20261004114115_0714_D.JPG,"An aerial view of a road intersection in Fayeteville, AR, shows road construction with barriers and temporary crossings. The surrounding landscape is mostly green with patches of brown.","Road, intersection, traffic control, pedestrian crossing, grassy area, concrete, barriers, overhead view",industrial,n,n,n
DJI_20261004114146_0715_D.JPG,"An aerial view of a quiet, tree-lined road in Fayeteville, AR. The road curves gently, bordered by lush green grass and shrubs.","Road, grass, sidewalk, crosswalk, utility poles, grassy field",industrial,n,n,n
DJI_20261004114159_0716_D.JPG,"An aerial view of a quiet, tree-lined street in Fayeteville, AR. The road curves gently, bordered by grassy areas and concrete sidewalks.","Road, grass, sidewalk, crosswalk, poles, utility boxes, utility lines, utility access, utility markings, utility poles",industrial,n,n,n
DJI_20261004114225_0717_D.JPG,"An aerial view of a quiet residential street in Fayeteville, AR. A sidewalk runs alongside a grassy area, with a manhole cover visible. The image is well-lit, suggesting daytime conditions.","sidewalk, road, grass, utility cover, concrete, asphalt, grassy verge",industrial,n,n,n
DJI_20261004114308_0718_D.JPG,"A bright blue sky with wispy white clouds over Fayeteville, AR.  A lush green hill slopes down towards the foreground, where a construction site and buildings are partially visible.","blue sky, clouds, trees, hill, buildings, landscape, sky, nature",industrial,n,n,n
DJI_20261004114310_0719_D.JPG,"A bright, sunny day in Fayeteville, AR, showcases a vibrant blue sky dotted with fluffy white clouds. Green trees frame the horizon, contrasting beautifully against the azure backdrop. The scene evokes a serene and idyllic atmosphere.","sky, clouds, trees, landscape, nature, sky, clouds, sun",nature,n,n,n
DJI_20261004114315_0720_D.JPG,"A picturesque landscape of lush trees under a vibrant blue sky dotted with fluffy white clouds. Fayeteville, AR, is bathed in sunlight, evoking a serene and idyllic atmosphere.","blue sky, clouds, trees, landscape, nature, sky, daytime, outdoor",nature,n,n,n
DJI_20261004114318_0721_D.JPG,"A bright blue sky with wispy clouds over Fayeteville, AR. A construction site is visible in the lower right corner.","Fayeteville, AR, sky, clouds, building, trees, hillside, construction, daytime, bright",industrial,n,n,n
DJI_20261004114320_0722_D.JPG,"A bright blue sky with wispy clouds over Fayeteville, AR. Green trees and buildings are visible below.","Fayeteville, AR, sky, clouds, trees, buildings, landscape, nature, sky, clouds, blue, sky, clouds, clouds",industrial,n,n,n
DJI_20261004114324_0723_D.JPG,"A sunny day in Fayeteville, AR, showcases a clear blue sky with wispy clouds, buildings in the distance, and lush greenery.","Fayeteville, AR, clear blue sky, modern buildings, construction site, industrial landscape, natural greenery",industrial,n,n,n
DJI_20261004114334_0724_D.JPG,"A sunny day in Fayeteville, AR, showcases a mix of industrial and rural landscapes under a clear blue sky. Buildings, including hotels and residential structures, stretch across the horizon, interspersed with green spaces and trees.","Fayeteville, AR, clear sky, modern buildings, grassy field, trees, construction site",industrial,n,n,n
